任天堂,驚き,方程式
狂,食,時代
Shoe,dog,靴,すべて
暗号,技術,入門,秘密,国,アリス
期待,以上,人を動かす,伝え方
ヒューマン,インタフェース,論
TensorFlow,機械学習,クックブック,Python,ベース,活用,レシピ,60
Python,機械学習,プログラミング,達人,データサイエンティスト,理論,実践
201800020908,CD,1
201800020908,CD,1
初等中等教育,ICT,活用
最強,英語力,english,speaking
TensorFlow,deep learning,実装,入門
ブロックチェーン,技術,教科書,徹底,解説
力
雑談,力,ストーリー,人
独学,法,AI,時代,方
応用情報技術者,午後,問題,重点,対策
アマゾン,ルール,Amazon,s,greatest,rules
国語,力,勉強法
考える力,ため,技術,情報,解読,解釈
齋藤孝,知,整理,力,put,your,intelligence,in,order
頭,アホ,な!,人間関係,最高,パフォーマンス,実現,方法
脳,メモ,習慣,誰,27,方法
シリコンバレー,式,自分,最強,食事
金持ち父さん貧乏父さん,アメリカ,金持ち,お金,哲学
人,上,ため,大切なこと
社会,18歳,マナー,ブック
20歳,とき,こと
著作権法,入門
教育,方法論
201790004245,CD,1
201790004245,CD,1
速読,速聴,英単語,basic,2400,単語,1900,熟語,500
システム,制御工学
制御,本
Python,クローラー,スクレイピング,入門,設計,開発,収集,データ,解析,運用
30日,中国語,文法
ネイティブ,英会話,フレーズ,集,3240
朝日,キーワード,就職
教育,方法論
日本,大学生,世界,いちばん,勉強,の
Python,言語,プログラミング,イントロダクション,データサイエンス,アプリケーション
ニュースペックテキスト,応用情報技術者
Google,スマート,脳,方,ニューエコノミー,ため,入社試験,回答,コツ
面接の達人,バイブル,版
応用情報技術者,午後,問題,重点,対策
201690018169,CD,1
201690018169,CD,1
公式,TOEIC,Listening,Reading,問題集
大学4年,間,経営学,10時間
一流,人,20代,どこ,の
伊豆,改訂,2,版,JTBパブリッシング
伊豆,昭文社
キタ,ミ,式,イラスト,IT,塾,基本情報技術者
キタ,ミ,式,イラスト,IT,塾,基本情報技術者
明解,Java,アルゴリズム,データ構造
キタ,ミ,式,イラスト,IT,塾,基本情報技術者
最新,TCP
キタ,ミ,式,イラスト,IT,塾,基本情報技術者
電気回路,基礎,入門
朝食,病気
図解,池上彰,経済,入門
公務員試験,勉強法,勉強法,これ,最速,受験,術
Android,プログラミング,初心者,大丈夫
大学生,勉強,マニュアル,フクロウ,大学
10日,Androidアプリ,開発,入門,教室
マネジメント,基本,原則
大学生,ため,ドラッカー
明解,Java,入門
キタ,ミ,式,イラスト,IT,塾,基本情報技術者
キタ,ミ,式,イラスト,IT,塾,基本情報技術者
TOEIC,テスト,公式,プラクティス
TOEIC,テスト,パート,総合,対策
キタ,ミ,式,イラスト,IT,塾,基本情報技術者
TOEIC,テスト,単語,攻略,1000
