任天堂"驚き"を生む方程式 , 井上理著
狂食の時代 , ジョン・ハンフリース著 ; 永井喜久子, 西尾ゆう子訳
Shoe dog : 靴にすべてを。 , フィル・ナイト著 ; 大田黒奉之訳
暗号技術入門 : 秘密の国のアリス , 結城浩著
期待以上に人を動かす伝え方 , 沖本るり子著
ヒューマンインタフェース論 , 蒲田拓也著
TensorFlow機械学習クックブック : Pythonベースの活用レシピ60+ , Nick McClure著 ; クイープ訳
Python機械学習プログラミング : 達人データサイエンティストによる理論と実践 , Sebastian Raschka著 ; クイープ訳
201800020908CD ; 1,2, 2
201800020908CD ; 1,2, 2
初等中等教育におけるICT活用 , 高橋純, 寺嶋浩介編著
最強の英語力 : english speaking , 内藤由美子著
TensorFlowではじめるdeep learning実装入門 , 新村拓也著
ブロックチェーン技術の教科書 : 徹底解説 , 佐藤雅史 [ほか] 著 ; セコム株式会社IS研究所, NEC編
叱られる力 , 阿川佐和子著
雑談力 : ストーリーで人を楽しませる , 百田尚樹著
「超」独学法 : AI時代の新しい働き方へ , 野口悠紀雄 [著]
応用情報技術者午後問題の重点対策 , 小口達夫著 ; 2010 - 2018
アマゾンのすごいルール = Amazon's greatest rules , 佐藤将之著
国語力をつける勉強法 , 和田秀樹著
考える力をつけるための「読む」技術 : 情報の解読と解釈 , 妹尾堅一郎著
齋藤孝の知の整理力 : put your intelligence in order , 齋藤孝著
頭に来てもアホとは戦うな! : 人間関係を思い通りにし、最高のパフォーマンスを実現する方法 , 田村耕太郎著
脳が若返るメモする習慣 : 誰でもすぐできる27の方法 , 米山公啓著
シリコンバレー式自分を変える最強の食事 , デイヴ・アスプリー著 ; 栗原百代訳
金持ち父さん貧乏父さん : アメリカの金持ちが教えてくれるお金の哲学 , ロバート・キヨサキ著 ; 白根美保子訳
「人の上に立つ」ために本当に大切なこと , ジョン・C・マクスウェル著 ; 弓場隆訳
もうすぐ社会に出る18歳からのマナー・ブック , 多湖輝著
20歳のときに知っておきたかったこと , ティナ・シーリグ著 ; 高遠裕子訳
著作権法入門 , 島並良, 上野達弘, 横山久芳著
教育方法論 , 広石英記編著
201790004245CD ; 1,2, 2
201790004245CD ; 1,2, 2
速読速聴・英単語 : basic 2400 : 単語1900+熟語500 , 松本茂, Gail Oura, Robert Gaynor著
システム制御工学 , 加藤隆著
トコトンやさしい制御の本 , 門田和雄著
Pythonによるクローラー&スクレイピング入門 : 設計・開発から収集データの解析・運用まで , 加藤勝也, 横山裕季著
30日で学べる中国語文法 , 宮岸雄介著
ネイティブ英会話フレーズ集3240 , 佐々木隆監修
朝日キーワード就職 , 朝日新聞社編 ; 2004 - 2019
教育方法論 , 広石英記編著
なぜ日本の大学生は、世界でいちばん勉強しないのか? , 辻太一朗著
Python : 言語によるプログラミングイントロダクション : データサイエンスとアプリケーション , John V. Guttag著 ; 麻生敏正[ほか]訳
ニュースペックテキスト応用情報技術者 , TAC株式会社(情報処理講座) 編著 ; 平成25・26年版 - 平成28・29年版
Googleがほしがるスマート脳のつくり方 : ニューエコノミーを生き抜くために知っておきたい入社試験の回答のコツ , ウィリアム・パウンドストーン著 ; 桃井緑美子訳
面接の達人 : バイブル版 , 中谷彰宏著 ; 1994 - 2018
応用情報技術者午後問題の重点対策 , 小口達夫著 ; 2010 - 2018
201690018169CD ; 1,2, 2
201690018169CD ; 1,2, 2
公式TOEIC Listening & Reading問題集 , Educational Testing Service著 ; 1
大学4年間の経営学が10時間でざっと学べる , 高橋伸夫著
一流になる人の20代はどこが違うのか , 致知編集部編
伊豆. -- 改訂2版. -- JTBパブリッシング, 2010.1. -- (楽楽-らくらくにっぽん、再発見!-).
伊豆. -- 昭文社, 2008.4. -- (ことりっぷ ; 14).
キタミ式イラストIT塾基本情報技術者 , きたみりゅうじ著 ; 平成23年度 - 平成28年度
キタミ式イラストIT塾基本情報技術者 , きたみりゅうじ著 ; 平成23年度 - 平成28年度
明解Javaによるアルゴリズムとデータ構造 , 柴田望洋著
キタミ式イラストIT塾基本情報技術者 , きたみりゅうじ著 ; 平成23年度 - 平成28年度
よくわかる最新TCP,IPの基本と仕組み : インターネット標準プロトコル入門 : 通信プロトコルの常識 
キタミ式イラストIT塾基本情報技術者 , きたみりゅうじ著 ; 平成23年度 - 平成28年度
電気回路基礎入門 , 山口静夫著
朝食を抜くと病気は治る , 甲田光雄著
図解池上彰の経済「超」入門 , 池上彰著
公務員試験受かる勉強法落ちる勉強法 : これが「最速受験術」だ! , 「合格への道」研究会編著 ; 2007年度版 - 2018年度版
はじめてのAndroidプログラミング : 超初心者でも大丈夫 , 金田浩明著
大学生の勉強マニュアル : フクロウ大学へようこそ , 中島祥好, 上田和夫著
10日でおぼえるAndroidアプリ開発入門教室 , 寺園聖文著
マネジメント : 基本と原則 , P.F. ドラッカー著 ; 上田惇生編訳
大学生のためのドラッカー , 松本健太郎著 ; 1, 2
新・明解Java入門 , 柴田望洋著
キタミ式イラストIT塾基本情報技術者 , きたみりゅうじ著 ; 平成23年度 - 平成28年度
キタミ式イラストIT塾基本情報技術者 , きたみりゅうじ著 ; 平成23年度 - 平成28年度
TOEICテスト公式プラクティス , Educational Testing Service著 ; リスニング編, リーディング編
はじめての新TOEICテスト全パート総合対策 , 塚田幸光著
キタミ式イラストIT塾基本情報技術者 , きたみりゅうじ著 ; 平成23年度 - 平成28年度
TOEICテスト単語攻略でるだけ1000 , 塚田幸光著
